Sample,Gender
D1406,Female
D1406,Female
D1202,Male
D1202,Male
D1411,Female
D1411,Female
D1388,Female
D1388,Female
D1401,Female
D1401,Female
D1167,Female
D1167,Female
D1183,Female
D1183,Female
D1143,Female
D1143,Female
D1165,Female
D1165,Female
D1402,Female
D1402,Female
D1122,Male
D1122,Male
D1177,Female
D1177,Female
D709,Male
D709,Male
D1138,Female
D1138,Female
D1179,Female
D1179,Female
D1466,Female
D1466,Female
D1468,Female
D1468,Female
D612,Male
D612,Male
D1396,Male
D1396,Male
D1261,Female
D1261,Female
